-- Seed data for RosterPro Demo
-- Run this after all migration files in your Supabase SQL Editor

-- Default shifts (legacy)
INSERT INTO shifts (code, name, start_time, end_time, duration) VALUES
  ('MORNING',   'Morning Shift',   '06:00', '14:00', 8),
  ('AFTERNOON', 'Afternoon Shift', '14:00', '22:00', 8),
  ('NIGHT',     'Night Shift',     '22:00', '06:00', 8)
ON CONFLICT (code) DO NOTHING;

-- Departments
INSERT INTO departments (id, name, shortcode) VALUES
  ('d0000000-0000-0000-0000-000000000001', 'Operations', 'OPS'),
  ('d0000000-0000-0000-0000-000000000002', 'Mechanical', 'MECH'),
  ('d0000000-0000-0000-0000-000000000003', 'Electrical', 'ELEC'),
  ('d0000000-0000-0000-0000-000000000004', 'Signal & Telecom', 'S&T')
ON CONFLICT (shortcode) DO NOTHING;

-- Designations
INSERT INTO designations (id, name, shortcode) VALUES
  ('e0000000-0000-0000-0000-000000000001', 'Loco Pilot', 'LP'),
  ('e0000000-0000-0000-0000-000000000002', 'Assistant Loco Pilot', 'ALP'),
  ('e0000000-0000-0000-0000-000000000003', 'Guard', 'GRD'),
  ('e0000000-0000-0000-0000-000000000004', 'Station Master', 'SM'),
  ('e0000000-0000-0000-0000-000000000005', 'Technician', 'TECH')
ON CONFLICT (shortcode) DO NOTHING;

-- Roster Groups
INSERT INTO roster_groups (id, name, department_id, designation_id, end_date) VALUES
  ('f0000000-0000-0000-0000-000000000001', 'Mumbai Local Drivers',     'd0000000-0000-0000-0000-000000000001', 'e0000000-0000-0000-0000-000000000001', NULL),
  ('f0000000-0000-0000-0000-000000000002', 'Rajdhani Express Crew',    'd0000000-0000-0000-0000-000000000001', 'e0000000-0000-0000-0000-000000000001', NULL),
  ('f0000000-0000-0000-0000-000000000003', 'Western Zone Guards',      'd0000000-0000-0000-0000-000000000001', 'e0000000-0000-0000-0000-000000000003', NULL),
  ('f0000000-0000-0000-0000-000000000004', 'Mechanical Maintenance A', 'd0000000-0000-0000-0000-000000000002', 'e0000000-0000-0000-0000-000000000005', NULL)
ON CONFLICT DO NOTHING;

-- Sample Employees
INSERT INTO employees (id, employee_id, first_name, last_name, gender, department_id, designation_id, joining_date, nearby_station, roster_group_id) VALUES
  ('a0000000-0000-0000-0000-000000000001', 'EMP-001', 'Rajesh',  'Kumar',    'male',   'd0000000-0000-0000-0000-000000000001', 'e0000000-0000-0000-0000-000000000001', '2020-03-15', 'Mumbai Central',  'f0000000-0000-0000-0000-000000000001'),
  ('a0000000-0000-0000-0000-000000000002', 'EMP-002', 'Priya',   'Sharma',   'female', 'd0000000-0000-0000-0000-000000000001', 'e0000000-0000-0000-0000-000000000001', '2019-07-01', 'Dadar',           'f0000000-0000-0000-0000-000000000001'),
  ('a0000000-0000-0000-0000-000000000003', 'EMP-003', 'Amit',    'Patel',    'male',   'd0000000-0000-0000-0000-000000000001', 'e0000000-0000-0000-0000-000000000002', '2021-01-10', 'Borivali',        'f0000000-0000-0000-0000-000000000001'),
  ('a0000000-0000-0000-0000-000000000004', 'EMP-004', 'Sunita',  'Desai',    'female', 'd0000000-0000-0000-0000-000000000001', 'e0000000-0000-0000-0000-000000000003', '2018-11-20', 'Churchgate',      'f0000000-0000-0000-0000-000000000003'),
  ('a0000000-0000-0000-0000-000000000005', 'EMP-005', 'Vikram',  'Singh',    'male',   'd0000000-0000-0000-0000-000000000001', 'e0000000-0000-0000-0000-000000000001', '2022-05-01', 'New Delhi',       'f0000000-0000-0000-0000-000000000002'),
  ('a0000000-0000-0000-0000-000000000006', 'EMP-006', 'Ananya',  'Reddy',    'female', 'd0000000-0000-0000-0000-000000000002', 'e0000000-0000-0000-0000-000000000005', '2021-09-15', 'Thane',           'f0000000-0000-0000-0000-000000000004'),
  ('a0000000-0000-0000-0000-000000000007', 'EMP-007', 'Deepak',  'Joshi',    'male',   'd0000000-0000-0000-0000-000000000002', 'e0000000-0000-0000-0000-000000000005', '2020-02-28', 'Kalyan',          'f0000000-0000-0000-0000-000000000004'),
  ('a0000000-0000-0000-0000-000000000008', 'EMP-008', 'Meera',   'Nair',     'female', 'd0000000-0000-0000-0000-000000000001', 'e0000000-0000-0000-0000-000000000004', '2017-06-10', 'CST Mumbai',      NULL)
ON CONFLICT (employee_id) DO NOTHING;

-- Sample Duties
INSERT INTO duties (id, department_id, roster_group_id, designation_id, duty_name, duty_code, start_time, end_time, start_location, end_location) VALUES
  ('b0000000-0000-0000-0000-000000000001', 'd0000000-0000-0000-0000-000000000001', 'f0000000-0000-0000-0000-000000000001', 'e0000000-0000-0000-0000-000000000001', 'Local Morning Run',     'LCL-M01', '05:30', '13:30', 'Churchgate',     'Virar'),
  ('b0000000-0000-0000-0000-000000000002', 'd0000000-0000-0000-0000-000000000001', 'f0000000-0000-0000-0000-000000000001', 'e0000000-0000-0000-0000-000000000001', 'Local Afternoon Run',   'LCL-A01', '13:30', '21:30', 'Virar',          'Churchgate'),
  ('b0000000-0000-0000-0000-000000000003', 'd0000000-0000-0000-0000-000000000001', 'f0000000-0000-0000-0000-000000000001', 'e0000000-0000-0000-0000-000000000001', 'Local Night Run',       'LCL-N01', '21:30', '05:30', 'Churchgate',     'Virar'),
  ('b0000000-0000-0000-0000-000000000004', 'd0000000-0000-0000-0000-000000000001', 'f0000000-0000-0000-0000-000000000002', 'e0000000-0000-0000-0000-000000000001', 'Rajdhani Express Up',   'RAJ-UP',  '16:00', '08:00', 'New Delhi',      'Mumbai Central'),
  ('b0000000-0000-0000-0000-000000000005', 'd0000000-0000-0000-0000-000000000001', 'f0000000-0000-0000-0000-000000000003', 'e0000000-0000-0000-0000-000000000003', 'Guard Morning Duty',    'GRD-M01', '06:00', '14:00', 'CST Mumbai',     'Pune Junction'),
  ('b0000000-0000-0000-0000-000000000006', 'd0000000-0000-0000-0000-000000000002', 'f0000000-0000-0000-0000-000000000004', 'e0000000-0000-0000-0000-000000000005', 'Shed Maintenance Day',  'MAINT-D', '08:00', '16:00', 'Mahalaxmi Shed', 'Mahalaxmi Shed')
ON CONFLICT (duty_code) DO NOTHING;
